match_id,home_team,away_team,home_score,away_score,yellow_cards,stadium
1,Haifa,Netanya,-1,2,1,Bloomfield
2,Netanya,Beitar,1,1,5,
3,Maccabi Tel Aviv,Maccabi Tel Aviv,2,0,50,Sammy Ofer
4,Beitar,Maccabi Tel Aviv,4,4,3,Sammy Ofer
5,Ashdod,Maccabi Tel Aviv,3,2,3,Bloomfield
6,Beitar,Ashdod,0,4,3,Teddy
7,Beitar,Maccabi Tel Aviv,4,1,0,Teddy
8,Haifa,Haifa,2,1,2,Teddy
9,Beitar,Haifa,2,3,6,Teddy
10,Ashdod,Beitar,3,1,3,Teddy
11,Ashdod,Netanya,1,2,6,Teddy
12,Haifa,Beitar,2,1,0,Bloomfield
13,Ashdod,Beitar,4,1,4,Turner
14,Maccabi Tel Aviv,Maccabi Tel Aviv,0,2,4,Bloomfield
15,Hapoel,Maccabi Tel Aviv,2,4,1,Turner
16,Maccabi Tel Aviv,Maccabi Tel Aviv,4,3,7,Bloomfield
17,Hapoel,Ashdod,0,4,5,Bloomfield
18,Haifa,Ashdod,1,1,7,Bloomfield
19,Netanya,Netanya,0,0,0,Teddy
20,Haifa,Beitar,0,2,0,Sammy Ofer
21,Haifa,Ashdod,4,3,2,Sammy Ofer
22,Beitar,Maccabi Tel Aviv,0,1,7,Bloomfield
23,Maccabi Tel Aviv,Haifa,0,2,5,Sammy Ofer
24,Ashdod,Maccabi Tel Aviv,0,1,0,Sammy Ofer
25,Ashdod,Ashdod,1,1,2,Teddy
26,Haifa,Maccabi Tel Aviv,1,4,1,Bloomfield
27,Hapoel,Beitar,3,0,0,Sammy Ofer
28,Beitar,Ashdod,4,2,5,Bloomfield
29,Netanya,Netanya,4,0,5,Sammy Ofer
30,Beitar,Haifa,1,2,4,Teddy
31,Maccabi Tel Aviv,Beitar,0,3,0,Turner
32,Maccabi Tel Aviv,Hapoel,0,4,5,Bloomfield
33,Beitar,Hapoel,4,0,1,Sammy Ofer
34,Beitar,Maccabi Tel Aviv,1,0,1,Turner
35,Hapoel,Maccabi Tel Aviv,2,4,5,Bloomfield
36,Ashdod,Maccabi Tel Aviv,3,3,6,Sammy Ofer
37,Hapoel,Beitar,4,4,6,Bloomfield
38,Haifa,Hapoel,4,2,0,Teddy
39,Haifa,Hapoel,3,2,1,Turner
40,Beitar,Ashdod,0,4,0,Sammy Ofer
41,Haifa,Ashdod,2,1,5,Turner
42,Hapoel,Maccabi Tel Aviv,3,4,3,Teddy
43,Haifa,Haifa,0,0,5,Turner
44,Ashdod,Haifa,1,1,7,Bloomfield
45,Netanya,Maccabi Tel Aviv,2,1,6,Turner
46,Hapoel,Haifa,2,1,2,Sammy Ofer
47,Beitar,Maccabi Tel Aviv,1,4,5,Bloomfield
48,Netanya,Ashdod,4,2,6,Teddy
49,Hapoel,Ashdod,2,0,5,Teddy
50,Hapoel,Hapoel,0,2,4,Turner
51,Beitar,Beitar,0,1,6,Sammy Ofer
52,Maccabi Tel Aviv,Haifa,4,0,2,Sammy Ofer
53,Hapoel,Beitar,1,4,4,Bloomfield
54,Hapoel,Ashdod,1,3,0,Teddy
55,Ashdod,Maccabi Tel Aviv,3,4,1,Turner
56,Haifa,Netanya,2,3,6,Bloomfield
57,Maccabi Tel Aviv,Hapoel,4,3,5,Teddy
58,Haifa,Ashdod,3,4,4,Sammy Ofer
59,Netanya,Hapoel,4,3,0,Bloomfield
60,Beitar,Beitar,3,2,0,Bloomfield
61,Maccabi Tel Aviv,Ashdod,1,3,2,Bloomfield
62,Beitar,Ashdod,2,0,3,Turner
63,Ashdod,Netanya,3,3,1,Sammy Ofer
64,Ashdod,Haifa,2,2,1,Sammy Ofer
65,Ashdod,Hapoel,4,3,1,Sammy Ofer
66,Beitar,Maccabi Tel Aviv,3,4,5,Turner
67,Haifa,Hapoel,1,0,1,Teddy
68,Maccabi Tel Aviv,Hapoel,2,1,6,Turner
69,Beitar,Maccabi Tel Aviv,3,1,7,Turner
70,Hapoel,Haifa,1,1,4,Bloomfield
71,Maccabi Tel Aviv,Netanya,0,1,1,Turner
72,Beitar,Beitar,1,4,3,Turner
73,Haifa,Hapoel,0,4,6,Turner
74,Netanya,Hapoel,0,1,0,Sammy Ofer
75,Beitar,Ashdod,2,0,1,Sammy Ofer
76,Ashdod,Beitar,2,0,6,Teddy
77,Maccabi Tel Aviv,Ashdod,1,3,6,Sammy Ofer
78,Netanya,Maccabi Tel Aviv,2,3,4,Turner
79,Maccabi Tel Aviv,Beitar,1,4,4,Bloomfield
80,Ashdod,Netanya,4,4,0,Bloomfield
81,Ashdod,Netanya,4,2,4,Turner
82,Netanya,Hapoel,1,4,5,Sammy Ofer
83,Beitar,Haifa,4,0,6,Turner
84,Maccabi Tel Aviv,Netanya,0,3,3,Sammy Ofer
85,Beitar,Haifa,2,4,2,Sammy Ofer
86,Ashdod,Maccabi Tel Aviv,1,2,2,Sammy Ofer
87,Netanya,Haifa,2,3,4,Teddy
88,Netanya,Beitar,0,4,0,Bloomfield
89,Ashdod,Maccabi Tel Aviv,1,4,3,Teddy
90,Ashdod,Haifa,0,3,2,Sammy Ofer
91,Netanya,Hapoel,1,1,3,Teddy
92,Netanya,Netanya,1,2,4,Turner
93,Beitar,Hapoel,1,2,4,Teddy
94,Netanya,Maccabi Tel Aviv,2,2,3,Sammy Ofer
95,Haifa,Ashdod,0,1,0,Bloomfield
96,Netanya,Ashdod,2,2,7,Sammy Ofer
97,Haifa,Hapoel,4,0,5,Turner
98,Netanya,Hapoel,0,4,3,Sammy Ofer
99,Haifa,Netanya,4,2,2,Bloomfield
100,Maccabi Tel Aviv,Haifa,0,0,6,Bloomfield
101,Hapoel,Hapoel,4,2,2,Bloomfield
102,Netanya,Hapoel,4,4,0,Teddy
103,Hapoel,Hapoel,2,1,7,Sammy Ofer
104,Beitar,Hapoel,0,0,7,Sammy Ofer
105,Haifa,Maccabi Tel Aviv,2,1,5,Bloomfield
106,Maccabi Tel Aviv,Haifa,3,1,3,Turner
107,Netanya,Maccabi Tel Aviv,1,3,6,Sammy Ofer
108,Maccabi Tel Aviv,Maccabi Tel Aviv,2,0,6,Sammy Ofer
109,Maccabi Tel Aviv,Hapoel,0,0,2,Bloomfield
110,Haifa,Netanya,2,1,6,Sammy Ofer
111,Hapoel,Hapoel,1,0,4,Teddy
112,Maccabi Tel Aviv,Netanya,0,0,4,Teddy
113,Hapoel,Haifa,4,2,7,Turner
114,Maccabi Tel Aviv,Beitar,1,2,3,Turner
115,Haifa,Netanya,0,3,5,Bloomfield
116,Netanya,Maccabi Tel Aviv,0,4,5,Bloomfield
117,Hapoel,Haifa,4,1,1,Bloomfield
118,Beitar,Hapoel,0,4,1,Sammy Ofer
119,Ashdod,Ashdod,3,2,2,Sammy Ofer
120,Hapoel,Hapoel,2,3,0,Bloomfield
121,Maccabi Tel Aviv,Beitar,0,2,0,Teddy
122,Netanya,Beitar,4,3,7,Sammy Ofer
123,Netanya,Ashdod,3,0,2,Bloomfield
124,Beitar,Maccabi Tel Aviv,3,2,3,Teddy
125,Netanya,Beitar,1,3,3,Teddy
126,Beitar,Maccabi Tel Aviv,1,1,7,Bloomfield
127,Maccabi Tel Aviv,Ashdod,1,3,3,Sammy Ofer
128,Haifa,Haifa,1,3,4,Turner
129,Ashdod,Haifa,0,1,6,Sammy Ofer
130,Beitar,Ashdod,4,1,0,Turner
131,Ashdod,Maccabi Tel Aviv,1,3,1,Turner
132,Hapoel,Netanya,1,3,4,Turner
133,Maccabi Tel Aviv,Haifa,2,4,4,Teddy
134,Maccabi Tel Aviv,Netanya,2,0,7,Bloomfield
135,Haifa,Beitar,4,3,2,Teddy
136,Maccabi Tel Aviv,Beitar,2,3,7,Bloomfield
137,Hapoel,Hapoel,0,1,5,Sammy Ofer
138,Haifa,Haifa,3,2,3,Turner
139,Netanya,Haifa,3,4,1,Sammy Ofer
140,Ashdod,Hapoel,2,3,0,Bloomfield
141,Netanya,Haifa,1,4,4,Sammy Ofer
142,Haifa,Hapoel,1,2,5,Turner
143,Netanya,Hapoel,1,1,2,Sammy Ofer
144,Haifa,Hapoel,3,1,3,Teddy
145,Netanya,Maccabi Tel Aviv,0,1,5,Bloomfield
146,Hapoel,Beitar,0,4,0,Bloomfield
147,Ashdod,Netanya,0,4,2,Sammy Ofer
148,Netanya,Hapoel,2,3,5,Sammy Ofer
149,Beitar,Maccabi Tel Aviv,3,2,5,Turner
150,Beitar,Hapoel,3,0,2,Teddy
151,Maccabi Tel Aviv,Netanya,0,0,2,Turner
152,Netanya,Beitar,2,3,0,Teddy
153,Maccabi Tel Aviv,Ashdod,1,2,3,Bloomfield
154,Hapoel,Haifa,0,0,3,Teddy
155,Ashdod,Beitar,2,0,3,Sammy Ofer
156,Netanya,Hapoel,2,2,2,Sammy Ofer
157,Haifa,Netanya,4,3,7,Bloomfield
158,Beitar,Ashdod,1,3,7,Turner
159,Haifa,Haifa,4,2,4,Teddy
160,Hapoel,Hapoel,4,3,6,Bloomfield
161,Ashdod,Ashdod,0,4,7,Bloomfield
162,Ashdod,Haifa,3,4,3,Teddy
163,Ashdod,Beitar,4,0,0,Sammy Ofer
164,Hapoel,Ashdod,1,3,0,Teddy
165,Hapoel,Hapoel,1,3,0,Sammy Ofer
166,Haifa,Maccabi Tel Aviv,4,1,0,Turner
167,Maccabi Tel Aviv,Netanya,2,0,1,Turner
168,Beitar,Maccabi Tel Aviv,1,1,6,Sammy Ofer
169,Ashdod,Maccabi Tel Aviv,0,3,1,Sammy Ofer
170,Ashdod,Haifa,0,1,7,Bloomfield
171,Beitar,Haifa,1,2,0,Bloomfield
172,Hapoel,Netanya,0,4,0,Bloomfield
173,Hapoel,Netanya,1,1,0,Sammy Ofer
174,Hapoel,Maccabi Tel Aviv,3,3,2,Sammy Ofer
175,Hapoel,Haifa,1,3,6,Sammy Ofer
176,Ashdod,Beitar,3,0,3,Teddy
177,Maccabi Tel Aviv,Hapoel,2,4,2,Bloomfield
178,Beitar,Hapoel,2,3,3,Turner
179,Haifa,Beitar,3,2,1,Bloomfield
180,Beitar,Haifa,1,0,1,Teddy
181,Beitar,Haifa,2,1,0,Teddy
182,Maccabi Tel Aviv,Maccabi Tel Aviv,2,2,1,Bloomfield
183,Beitar,Beitar,2,0,7,Turner
184,Ashdod,Beitar,0,0,5,Sammy Ofer
185,Beitar,Maccabi Tel Aviv,2,3,0,Turner
186,Ashdod,Beitar,2,4,6,Bloomfield
187,Maccabi Tel Aviv,Beitar,0,1,1,Teddy
188,Beitar,Beitar,4,1,3,Bloomfield
189,Maccabi Tel Aviv,Netanya,2,4,0,Bloomfield
190,Netanya,Hapoel,1,1,3,Turner
191,Maccabi Tel Aviv,Hapoel,4,1,2,Turner
192,Netanya,Ashdod,0,3,0,Sammy Ofer
193,Ashdod,Beitar,2,0,5,Sammy Ofer
194,Ashdod,Maccabi Tel Aviv,3,4,2,Turner
195,Hapoel,Maccabi Tel Aviv,2,1,7,Teddy
196,Haifa,Netanya,4,0,3,Teddy
197,Ashdod,Beitar,0,2,4,Sammy Ofer
198,Maccabi Tel Aviv,Netanya,2,2,2,Turner
199,Haifa,Ashdod,4,4,6,Turner
200,Beitar,Beitar,0,3,3,Bloomfield
201,Haifa,Maccabi Tel Aviv,3,2,5,Teddy
202,Ashdod,Hapoel,4,4,2,Turner
203,Netanya,Maccabi Tel Aviv,1,3,5,Turner
204,Beitar,Beitar,2,2,0,Bloomfield
205,Ashdod,Hapoel,0,2,4,Teddy
206,Netanya,Beitar,0,3,5,Bloomfield
207,Maccabi Tel Aviv,Maccabi Tel Aviv,3,1,2,Sammy Ofer
208,Haifa,Maccabi Tel Aviv,3,3,0,Turner
209,Hapoel,Haifa,4,4,3,Sammy Ofer
210,Maccabi Tel Aviv,Beitar,2,1,3,Turner
211,Beitar,Hapoel,2,0,5,Bloomfield
212,Maccabi Tel Aviv,Haifa,4,4,3,Turner
213,Hapoel,Hapoel,4,1,3,Turner
214,Haifa,Haifa,1,1,2,Bloomfield
215,Hapoel,Maccabi Tel Aviv,0,1,5,Bloomfield
216,Haifa,Hapoel,0,2,7,Turner
217,Haifa,Netanya,1,0,7,Bloomfield
218,Netanya,Hapoel,4,4,1,Teddy
219,Beitar,Netanya,4,1,2,Turner
220,Netanya,Beitar,2,4,7,Sammy Ofer
221,Haifa,Beitar,2,4,2,Teddy
222,Hapoel,Maccabi Tel Aviv,4,1,1,Sammy Ofer
223,Beitar,Beitar,3,0,6,Teddy
224,Hapoel,Ashdod,3,2,5,Sammy Ofer
225,Haifa,Haifa,3,3,2,Turner
226,Netanya,Maccabi Tel Aviv,1,4,5,Teddy
227,Maccabi Tel Aviv,Netanya,1,2,4,Bloomfield
228,Haifa,Maccabi Tel Aviv,2,0,1,Bloomfield
229,Maccabi Tel Aviv,Haifa,3,2,5,Bloomfield
230,Haifa,Maccabi Tel Aviv,0,3,3,Bloomfield
231,Netanya,Maccabi Tel Aviv,1,0,0,Turner
232,Ashdod,Maccabi Tel Aviv,0,0,0,Turner
233,Hapoel,Hapoel,0,3,3,Sammy Ofer
234,Hapoel,Netanya,2,0,7,Teddy
235,Netanya,Beitar,0,2,7,Sammy Ofer
236,Ashdod,Maccabi Tel Aviv,3,4,1,Sammy Ofer
237,Haifa,Haifa,4,3,7,Turner
238,Maccabi Tel Aviv,Ashdod,2,4,2,Teddy
239,Netanya,Ashdod,2,1,2,Teddy
240,Beitar,Hapoel,1,2,5,Bloomfield
241,Netanya,Ashdod,2,2,5,Turner
242,Netanya,Haifa,3,0,2,Sammy Ofer
243,Maccabi Tel Aviv,Ashdod,4,1,5,Teddy
244,Maccabi Tel Aviv,Hapoel,3,0,4,Turner
245,Ashdod,Haifa,2,3,3,Bloomfield
246,Netanya,Maccabi Tel Aviv,3,1,2,Sammy Ofer
247,Hapoel,Beitar,4,0,7,Bloomfield
248,Beitar,Maccabi Tel Aviv,0,2,1,Turner
249,Netanya,Haifa,1,1,4,Sammy Ofer
250,Hapoel,Beitar,2,4,4,Turner
251,Beitar,Beitar,4,3,0,Sammy Ofer
252,Netanya,Haifa,3,4,1,Teddy
253,Haifa,Netanya,3,3,1,Bloomfield
254,Hapoel,Beitar,0,4,2,Teddy
255,Maccabi Tel Aviv,Hapoel,4,1,1,Bloomfield
256,Netanya,Maccabi Tel Aviv,3,2,0,Turner
257,Beitar,Hapoel,0,3,7,Sammy Ofer
258,Netanya,Haifa,3,4,3,Bloomfield
259,Beitar,Hapoel,2,1,7,Turner
260,Ashdod,Netanya,3,0,0,Teddy
261,Maccabi Tel Aviv,Maccabi Tel Aviv,0,0,5,Teddy
262,Haifa,Maccabi Tel Aviv,2,0,0,Turner
263,Maccabi Tel Aviv,Netanya,1,2,6,Bloomfield
264,Haifa,Beitar,3,4,4,Sammy Ofer
265,Maccabi Tel Aviv,Beitar,0,3,2,Bloomfield
266,Maccabi Tel Aviv,Netanya,4,4,3,Bloomfield
267,Ashdod,Ashdod,4,1,0,Turner
268,Ashdod,Maccabi Tel Aviv,4,0,0,Teddy
269,Maccabi Tel Aviv,Maccabi Tel Aviv,3,2,7,Turner
270,Hapoel,Beitar,3,0,2,Teddy
271,Beitar,Hapoel,2,3,3,Teddy
272,Beitar,Haifa,1,4,4,Bloomfield
273,Ashdod,Netanya,2,3,2,Teddy
274,Haifa,Hapoel,4,0,2,Teddy
275,Hapoel,Ashdod,0,3,2,Turner
276,Haifa,Ashdod,0,4,6,Teddy
277,Haifa,Maccabi Tel Aviv,4,2,1,Bloomfield
278,Maccabi Tel Aviv,Hapoel,4,1,6,Teddy
279,Hapoel,Hapoel,3,2,6,Sammy Ofer
280,Beitar,Maccabi Tel Aviv,0,4,3,Bloomfield
281,Haifa,Hapoel,4,0,3,Teddy
282,Ashdod,Netanya,2,4,7,Teddy
283,Maccabi Tel Aviv,Ashdod,4,3,4,Bloomfield
284,Ashdod,Haifa,0,0,4,Turner
285,Hapoel,Hapoel,1,3,3,Sammy Ofer
286,Maccabi Tel Aviv,Netanya,2,1,0,Sammy Ofer
287,Ashdod,Hapoel,4,1,2,Teddy
288,Netanya,Beitar,2,0,4,Turner
289,Maccabi Tel Aviv,Maccabi Tel Aviv,3,4,0,Turner
290,Haifa,Beitar,4,2,5,Bloomfield
291,Hapoel,Ashdod,3,2,3,Sammy Ofer
292,Beitar,Haifa,1,3,0,Teddy
293,Ashdod,Hapoel,4,3,1,Bloomfield
294,Hapoel,Maccabi Tel Aviv,1,3,3,Teddy
295,Netanya,Beitar,1,3,2,Turner
296,Maccabi Tel Aviv,Haifa,2,3,4,Turner
297,Haifa,Beitar,1,4,0,Bloomfield
298,Netanya,Beitar,1,0,5,Teddy
299,Maccabi Tel Aviv,Ashdod,2,3,0,Bloomfield
300,Hapoel,Ashdod,4,3,5,Bloomfield
301,Maccabi Tel Aviv,Beitar,2,1,2,Teddy
302,Hapoel,Netanya,4,2,6,Turner
303,Ashdod,Beitar,2,3,4,Teddy
304,Hapoel,Hapoel,0,0,5,Bloomfield
305,Beitar,Ashdod,2,4,4,Turner
306,Hapoel,Maccabi Tel Aviv,1,2,1,Turner
307,Haifa,Beitar,1,0,5,Teddy
308,Hapoel,Haifa,1,0,6,Teddy
309,Maccabi Tel Aviv,Haifa,3,1,1,Sammy Ofer
310,Maccabi Tel Aviv,Maccabi Tel Aviv,3,0,1,Sammy Ofer
311,Beitar,Netanya,3,2,4,Bloomfield
312,Beitar,Hapoel,1,0,1,Bloomfield
313,Netanya,Hapoel,1,0,6,Teddy
314,Beitar,Ashdod,1,3,1,Teddy
315,Netanya,Netanya,3,2,4,Bloomfield
316,Ashdod,Beitar,2,2,3,Turner
317,Beitar,Netanya,1,3,0,Bloomfield
318,Maccabi Tel Aviv,Maccabi Tel Aviv,2,3,4,Teddy
319,Ashdod,Maccabi Tel Aviv,4,2,3,Bloomfield
320,Hapoel,Ashdod,1,3,7,Turner
321,Maccabi Tel Aviv,Hapoel,2,4,0,Sammy Ofer
322,Haifa,Beitar,1,0,0,Teddy
323,Maccabi Tel Aviv,Ashdod,2,4,0,Sammy Ofer
324,Netanya,Haifa,1,2,4,Turner
325,Maccabi Tel Aviv,Haifa,4,3,1,Bloomfield
326,Beitar,Netanya,0,1,0,Teddy
327,Netanya,Netanya,0,1,2,Sammy Ofer
328,Haifa,Ashdod,2,2,0,Turner
329,Beitar,Haifa,2,3,3,Bloomfield
330,Hapoel,Haifa,0,2,3,Turner
331,Haifa,Ashdod,1,4,6,Sammy Ofer
332,Beitar,Netanya,4,4,5,Bloomfield
333,Maccabi Tel Aviv,Haifa,2,3,0,Teddy
334,Maccabi Tel Aviv,Haifa,4,3,7,Teddy
335,Haifa,Netanya,0,1,4,Sammy Ofer
336,Hapoel,Maccabi Tel Aviv,0,3,5,Bloomfield
337,Haifa,Haifa,4,1,3,Bloomfield
338,Netanya,Netanya,3,1,1,Turner
339,Maccabi Tel Aviv,Ashdod,3,1,4,Teddy
340,Netanya,Maccabi Tel Aviv,2,4,1,Sammy Ofer
341,Maccabi Tel Aviv,Haifa,4,4,1,Turner
342,Haifa,Maccabi Tel Aviv,3,4,3,Teddy
343,Beitar,Maccabi Tel Aviv,3,2,5,Bloomfield
344,Maccabi Tel Aviv,Ashdod,0,0,5,Turner
345,Haifa,Netanya,1,1,5,Bloomfield
346,Beitar,Ashdod,0,0,5,Turner
347,Maccabi Tel Aviv,Ashdod,1,1,1,Bloomfield
348,Ashdod,Hapoel,4,3,3,Sammy Ofer
349,Netanya,Netanya,2,0,0,Sammy Ofer
350,Haifa,Haifa,4,1,3,Turner
351,Haifa,Maccabi Tel Aviv,4,3,0,Teddy
352,Maccabi Tel Aviv,Maccabi Tel Aviv,1,2,6,Bloomfield
353,Maccabi Tel Aviv,Beitar,4,3,6,Sammy Ofer
354,Maccabi Tel Aviv,Ashdod,1,4,0,Bloomfield
355,Hapoel,Maccabi Tel Aviv,1,2,1,Turner
356,Beitar,Maccabi Tel Aviv,4,3,1,Bloomfield
357,Maccabi Tel Aviv,Beitar,0,0,7,Bloomfield
358,Beitar,Hapoel,1,2,5,Bloomfield
359,Ashdod,Netanya,3,0,5,Bloomfield
360,Maccabi Tel Aviv,Netanya,4,4,1,Bloomfield
361,Ashdod,Beitar,1,0,6,Turner
362,Hapoel,Ashdod,3,3,2,Turner
363,Haifa,Ashdod,0,0,4,Teddy
364,Beitar,Ashdod,0,3,7,Teddy
365,Maccabi Tel Aviv,Haifa,2,4,0,Turner
366,Hapoel,Netanya,4,0,1,Bloomfield
367,Ashdod,Beitar,4,4,4,Teddy
368,Hapoel,Maccabi Tel Aviv,4,0,5,Turner
369,Maccabi Tel Aviv,Haifa,3,2,1,Bloomfield
370,Maccabi Tel Aviv,Haifa,0,4,2,Bloomfield
371,Ashdod,Hapoel,3,2,1,Bloomfield
372,Haifa,Maccabi Tel Aviv,1,4,5,Bloomfield
373,Hapoel,Hapoel,1,4,0,Bloomfield
374,Beitar,Netanya,0,1,2,Bloomfield
375,Ashdod,Ashdod,3,1,3,Turner
376,Beitar,Maccabi Tel Aviv,0,4,6,Sammy Ofer
377,Beitar,Netanya,4,4,2,Turner
378,Ashdod,Maccabi Tel Aviv,2,4,0,Turner
379,Beitar,Maccabi Tel Aviv,4,1,3,Sammy Ofer
380,Ashdod,Beitar,2,1,6,Turner
381,Hapoel,Hapoel,0,1,1,Sammy Ofer
382,Beitar,Ashdod,1,0,6,Bloomfield
383,Hapoel,Haifa,0,3,3,Sammy Ofer
384,Beitar,Haifa,0,0,2,Bloomfield
385,Ashdod,Ashdod,2,1,1,Teddy
386,Beitar,Hapoel,1,4,5,Turner
387,Beitar,Maccabi Tel Aviv,2,4,1,Bloomfield
388,Netanya,Beitar,3,2,0,Turner
389,Maccabi Tel Aviv,Beitar,3,1,7,Bloomfield
390,Ashdod,Haifa,4,1,2,Sammy Ofer
391,Hapoel,Haifa,3,3,6,Sammy Ofer
392,Haifa,Netanya,2,0,3,Sammy Ofer
393,Ashdod,Maccabi Tel Aviv,2,2,0,Sammy Ofer
394,Netanya,Maccabi Tel Aviv,0,3,0,Teddy
395,Ashdod,Haifa,0,2,5,Bloomfield
396,Netanya,Maccabi Tel Aviv,4,2,7,Bloomfield
397,Beitar,Hapoel,0,2,4,Sammy Ofer
398,Netanya,Netanya,0,1,5,Turner
399,Hapoel,Ashdod,4,2,4,Turner
400,Haifa,Netanya,0,4,1,Sammy Ofer
401,Hapoel,Ashdod,3,2,5,Sammy Ofer
402,Maccabi Tel Aviv,Haifa,3,2,6,Turner
403,Maccabi Tel Aviv,Netanya,0,0,6,Teddy
404,Maccabi Tel Aviv,Ashdod,3,0,6,Bloomfield
405,Beitar,Maccabi Tel Aviv,2,0,6,Sammy Ofer
406,Hapoel,Maccabi Tel Aviv,0,0,6,Turner
407,Haifa,Maccabi Tel Aviv,4,3,3,Bloomfield
408,Beitar,Haifa,4,4,2,Sammy Ofer
409,Hapoel,Netanya,3,0,1,Teddy
410,Ashdod,Haifa,2,1,2,Teddy
411,Ashdod,Haifa,2,0,7,Bloomfield
412,Netanya,Ashdod,0,3,1,Teddy
413,Netanya,Hapoel,3,4,0,Turner
414,Beitar,Haifa,4,4,2,Bloomfield
415,Haifa,Hapoel,2,1,5,Teddy
416,Ashdod,Beitar,3,3,7,Sammy Ofer
417,Maccabi Tel Aviv,Hapoel,0,1,1,Teddy
418,Hapoel,Ashdod,1,3,2,Teddy
419,Netanya,Hapoel,4,4,6,Teddy
420,Hapoel,Beitar,1,2,2,Sammy Ofer
421,Beitar,Ashdod,0,0,4,Sammy Ofer
422,Maccabi Tel Aviv,Maccabi Tel Aviv,1,3,7,Teddy
423,Maccabi Tel Aviv,Maccabi Tel Aviv,0,3,7,Sammy Ofer
424,Hapoel,Netanya,2,1,2,Turner
425,Netanya,Maccabi Tel Aviv,1,1,3,Turner
426,Beitar,Beitar,2,2,6,Turner
427,Ashdod,Haifa,0,1,3,Teddy
428,Netanya,Hapoel,0,0,0,Bloomfield
429,Haifa,Beitar,0,0,2,Teddy
430,Netanya,Maccabi Tel Aviv,1,3,3,Bloomfield
431,Haifa,Haifa,4,1,7,Turner
432,Maccabi Tel Aviv,Beitar,0,0,5,Turner
433,Hapoel,Maccabi Tel Aviv,3,1,5,Teddy
434,Hapoel,Hapoel,4,2,2,Teddy
435,Hapoel,Beitar,4,4,0,Teddy
436,Hapoel,Netanya,1,3,2,Sammy Ofer
437,Ashdod,Haifa,3,4,5,Teddy
438,Ashdod,Ashdod,3,2,2,Sammy Ofer
439,Netanya,Hapoel,4,4,0,Bloomfield
440,Hapoel,Beitar,1,1,5,Turner
441,Beitar,Netanya,1,0,1,Teddy
442,Maccabi Tel Aviv,Ashdod,0,0,2,Sammy Ofer
443,Maccabi Tel Aviv,Beitar,1,0,0,Turner
444,Beitar,Maccabi Tel Aviv,1,4,5,Sammy Ofer
445,Hapoel,Hapoel,2,4,7,Teddy
446,Netanya,Beitar,0,4,0,Teddy
447,Beitar,Hapoel,1,4,6,Bloomfield
448,Ashdod,Haifa,4,0,2,Turner
449,Netanya,Ashdod,0,0,1,Turner
450,Hapoel,Maccabi Tel Aviv,3,4,3,Bloomfield
451,Netanya,Haifa,3,0,6,Teddy
452,Hapoel,Hapoel,3,2,3,Turner
453,Maccabi Tel Aviv,Hapoel,0,4,0,Turner
454,Maccabi Tel Aviv,Haifa,0,3,6,Sammy Ofer
455,Haifa,Maccabi Tel Aviv,3,3,0,Sammy Ofer
456,Beitar,Maccabi Tel Aviv,1,0,4,Teddy
457,Beitar,Hapoel,3,4,3,Teddy
458,Haifa,Haifa,1,0,0,Sammy Ofer
459,Maccabi Tel Aviv,Beitar,4,3,4,Sammy Ofer
460,Hapoel,Haifa,2,2,7,Sammy Ofer
461,Haifa,Netanya,1,2,3,Sammy Ofer
462,Maccabi Tel Aviv,Maccabi Tel Aviv,0,3,4,Sammy Ofer
463,Haifa,Haifa,1,4,1,Bloomfield
464,Maccabi Tel Aviv,Haifa,1,0,0,Teddy
465,Netanya,Netanya,2,3,1,Turner
466,Hapoel,Hapoel,2,0,1,Turner
467,Beitar,Maccabi Tel Aviv,4,3,2,Bloomfield
468,Beitar,Maccabi Tel Aviv,0,1,3,Turner
469,Hapoel,Haifa,1,2,5,Teddy
470,Netanya,Netanya,0,1,7,Sammy Ofer
471,Ashdod,Netanya,4,1,0,Teddy
472,Ashdod,Ashdod,1,3,0,Sammy Ofer
473,Hapoel,Maccabi Tel Aviv,2,2,5,Sammy Ofer
474,Hapoel,Netanya,1,1,6,Turner
475,Maccabi Tel Aviv,Netanya,3,2,3,Turner
476,Hapoel,Beitar,3,2,0,Sammy Ofer
477,Netanya,Ashdod,2,0,6,Bloomfield
478,Hapoel,Netanya,2,2,7,Teddy
479,Maccabi Tel Aviv,Ashdod,3,0,5,Teddy
480,Beitar,Maccabi Tel Aviv,4,4,6,Teddy
481,Hapoel,Hapoel,2,3,6,Bloomfield
482,Haifa,Ashdod,1,1,6,Turner
483,Maccabi Tel Aviv,Maccabi Tel Aviv,2,2,0,Sammy Ofer
484,Ashdod,Maccabi Tel Aviv,4,1,7,Sammy Ofer
485,Haifa,Beitar,3,1,4,Teddy
486,Maccabi Tel Aviv,Netanya,2,4,0,Teddy
487,Haifa,Netanya,0,3,3,Teddy
488,Beitar,Ashdod,3,4,7,Bloomfield
489,Netanya,Beitar,4,1,1,Bloomfield
490,Maccabi Tel Aviv,Beitar,4,0,1,Turner
491,Netanya,Netanya,1,1,1,Turner
492,Maccabi Tel Aviv,Netanya,1,0,4,Bloomfield
493,Maccabi Tel Aviv,Maccabi Tel Aviv,0,0,6,Turner
494,Hapoel,Netanya,2,1,6,Turner
495,Ashdod,Beitar,4,0,1,Teddy
496,Beitar,Hapoel,1,3,7,Sammy Ofer
497,Haifa,Haifa,2,3,5,Sammy Ofer
498,Beitar,Ashdod,4,4,4,Bloomfield
499,Ashdod,Netanya,0,4,1,Sammy Ofer
500,Netanya,Netanya,4,1,3,Sammy Ofer
501,Ashdod,Maccabi Tel Aviv,0,4,2,Sammy Ofer
502,Haifa,Ashdod,2,2,4,Teddy
503,Ashdod,Haifa,1,0,6,Teddy
504,Maccabi Tel Aviv,Ashdod,3,2,3,Bloomfield
505,Netanya,Ashdod,2,2,6,Bloomfield
506,Ashdod,Haifa,3,2,2,Turner
507,Netanya,Ashdod,3,3,4,Sammy Ofer
508,Beitar,Netanya,4,4,0,Bloomfield
509,Hapoel,Ashdod,2,1,7,Bloomfield
510,Hapoel,Haifa,3,0,0,Bloomfield
511,Maccabi Tel Aviv,Haifa,4,4,3,Turner
512,Netanya,Netanya,1,2,2,Bloomfield
513,Beitar,Ashdod,0,3,5,Bloomfield
514,Ashdod,Beitar,1,0,7,Bloomfield
515,Netanya,Maccabi Tel Aviv,1,0,1,Turner
516,Ashdod,Ashdod,2,4,0,Turner
517,Haifa,Hapoel,0,1,6,Bloomfield
518,Ashdod,Haifa,3,1,4,Bloomfield
519,Ashdod,Haifa,0,2,3,Sammy Ofer
520,Beitar,Hapoel,2,4,1,Sammy Ofer
521,Beitar,Ashdod,0,2,1,Bloomfield
522,Haifa,Haifa,1,0,3,Teddy
523,Beitar,Ashdod,2,0,0,Teddy
524,Hapoel,Beitar,1,4,7,Bloomfield
525,Ashdod,Haifa,4,2,2,Turner
526,Maccabi Tel Aviv,Netanya,0,0,0,Sammy Ofer
527,Hapoel,Ashdod,2,2,3,Bloomfield
528,Netanya,Ashdod,1,0,5,Teddy
529,Haifa,Ashdod,3,2,4,Sammy Ofer
530,Ashdod,Beitar,4,4,1,Turner
531,Netanya,Netanya,1,4,0,Teddy
532,Haifa,Netanya,4,4,3,Turner
533,Maccabi Tel Aviv,Ashdod,3,0,0,Turner
534,Netanya,Maccabi Tel Aviv,0,0,1,Teddy
535,Ashdod,Maccabi Tel Aviv,0,4,5,Bloomfield
536,Hapoel,Beitar,0,2,2,Bloomfield
537,Hapoel,Netanya,2,0,0,Turner
538,Beitar,Ashdod,3,0,3,Sammy Ofer
539,Haifa,Maccabi Tel Aviv,1,0,6,Bloomfield
540,Maccabi Tel Aviv,Haifa,3,0,6,Sammy Ofer
541,Haifa,Haifa,1,1,7,Teddy
542,Maccabi Tel Aviv,Ashdod,0,3,6,Sammy Ofer
543,Netanya,Netanya,3,1,6,Teddy
544,Haifa,Hapoel,1,4,1,Turner
545,Beitar,Hapoel,3,4,3,Sammy Ofer
546,Beitar,Hapoel,4,3,5,Sammy Ofer
547,Maccabi Tel Aviv,Ashdod,2,4,5,Turner
548,Beitar,Haifa,2,3,0,Bloomfield
549,Hapoel,Beitar,0,3,6,Turner
550,Hapoel,Beitar,3,0,5,Bloomfield
551,Beitar,Netanya,2,0,0,Bloomfield
552,Netanya,Hapoel,2,4,4,Teddy
553,Haifa,Netanya,0,1,7,Teddy
554,Haifa,Hapoel,3,2,2,Turner
555,Netanya,Haifa,0,3,1,Turner
556,Haifa,Haifa,1,3,6,Bloomfield
557,Haifa,Netanya,2,0,6,Sammy Ofer
558,Maccabi Tel Aviv,Haifa,2,4,0,Turner
559,Maccabi Tel Aviv,Ashdod,0,3,4,Turner
560,Hapoel,Beitar,3,1,5,Sammy Ofer
561,Hapoel,Maccabi Tel Aviv,3,4,7,Sammy Ofer
562,Hapoel,Hapoel,1,1,5,Teddy
563,Beitar,Netanya,4,2,0,Teddy
564,Ashdod,Hapoel,1,4,2,Sammy Ofer
565,Hapoel,Beitar,4,3,2,Bloomfield
566,Beitar,Ashdod,4,4,0,Turner
567,Maccabi Tel Aviv,Netanya,2,0,3,Bloomfield
568,Hapoel,Beitar,4,1,5,Turner
569,Beitar,Maccabi Tel Aviv,2,3,7,Turner
570,Beitar,Hapoel,1,4,5,Teddy
571,Maccabi Tel Aviv,Netanya,1,2,7,Sammy Ofer
572,Hapoel,Ashdod,2,1,3,Teddy
573,Haifa,Hapoel,4,2,3,Turner
574,Maccabi Tel Aviv,Haifa,0,2,7,Sammy Ofer
575,Netanya,Ashdod,2,0,6,Teddy
576,Ashdod,Haifa,3,3,0,Sammy Ofer
577,Maccabi Tel Aviv,Beitar,3,3,7,Bloomfield
578,Maccabi Tel Aviv,Ashdod,2,4,0,Turner
579,Ashdod,Haifa,4,1,1,Teddy
580,Maccabi Tel Aviv,Maccabi Tel Aviv,4,2,3,Teddy
581,Netanya,Hapoel,0,4,0,Sammy Ofer
582,Ashdod,Hapoel,2,3,3,Turner
583,Beitar,Hapoel,1,0,0,Bloomfield
584,Netanya,Beitar,2,1,0,Teddy
585,Haifa,Maccabi Tel Aviv,3,0,5,Turner
586,Netanya,Haifa,4,0,5,Turner
587,Maccabi Tel Aviv,Haifa,0,4,0,Turner
588,Maccabi Tel Aviv,Hapoel,1,1,2,Bloomfield
589,Haifa,Ashdod,0,0,0,Turner
590,Ashdod,Netanya,0,4,6,Bloomfield
591,Haifa,Maccabi Tel Aviv,3,0,4,Bloomfield
592,Ashdod,Haifa,1,3,0,Bloomfield
593,Hapoel,Hapoel,4,0,6,Turner
594,Hapoel,Hapoel,2,2,2,Teddy
595,Ashdod,Hapoel,3,4,4,Sammy Ofer
596,Haifa,Maccabi Tel Aviv,3,0,3,Turner
597,Maccabi Tel Aviv,Netanya,4,3,5,Sammy Ofer
598,Beitar,Netanya,2,3,7,Sammy Ofer
599,Netanya,Haifa,2,0,5,Teddy
600,Ashdod,Netanya,3,2,6,Teddy
601,Maccabi Tel Aviv,Netanya,0,2,2,Turner
602,Netanya,Haifa,3,3,6,Sammy Ofer
603,Netanya,Beitar,3,1,1,Bloomfield
604,Haifa,Maccabi Tel Aviv,0,3,3,Bloomfield
605,Maccabi Tel Aviv,Beitar,1,2,4,Bloomfield
606,Haifa,Maccabi Tel Aviv,3,1,7,Sammy Ofer
607,Beitar,Hapoel,3,3,3,Sammy Ofer
608,Netanya,Hapoel,1,4,1,Bloomfield
609,Haifa,Hapoel,4,3,3,Sammy Ofer
610,Hapoel,Beitar,4,1,0,Bloomfield
611,Netanya,Netanya,0,4,6,Bloomfield
612,Hapoel,Hapoel,2,3,1,Turner
613,Hapoel,Ashdod,3,4,4,Turner
614,Maccabi Tel Aviv,Beitar,2,2,4,Bloomfield
615,Ashdod,Beitar,0,2,1,Bloomfield
616,Ashdod,Haifa,2,1,6,Bloomfield
617,Netanya,Ashdod,2,0,5,Teddy
618,Haifa,Hapoel,2,4,7,Turner
619,Beitar,Beitar,4,0,4,Sammy Ofer
620,Hapoel,Hapoel,4,1,5,Sammy Ofer
621,Hapoel,Maccabi Tel Aviv,3,2,1,Teddy
622,Maccabi Tel Aviv,Hapoel,3,2,1,Bloomfield
623,Maccabi Tel Aviv,Netanya,3,4,5,Bloomfield
624,Beitar,Ashdod,0,1,6,Turner
625,Beitar,Beitar,3,3,3,Teddy
626,Ashdod,Ashdod,4,0,5,Bloomfield
627,Hapoel,Beitar,0,3,7,Bloomfield
628,Hapoel,Ashdod,3,1,1,Turner
629,Ashdod,Ashdod,1,1,1,Teddy
630,Beitar,Netanya,1,0,6,Bloomfield
631,Maccabi Tel Aviv,Netanya,2,0,2,Bloomfield
632,Haifa,Beitar,4,0,0,Sammy Ofer
633,Maccabi Tel Aviv,Haifa,3,3,7,Teddy
634,Netanya,Haifa,2,0,6,Bloomfield
635,Maccabi Tel Aviv,Ashdod,2,4,0,Teddy
636,Ashdod,Hapoel,2,2,1,Teddy
637,Beitar,Hapoel,1,1,2,Sammy Ofer
638,Netanya,Maccabi Tel Aviv,1,1,0,Sammy Ofer
639,Beitar,Netanya,0,0,2,Turner
640,Hapoel,Haifa,4,1,3,Turner
641,Ashdod,Haifa,1,2,1,Turner
642,Netanya,Netanya,4,1,7,Teddy
643,Netanya,Maccabi Tel Aviv,4,1,0,Bloomfield
644,Beitar,Haifa,1,2,2,Teddy
645,Haifa,Ashdod,1,3,1,Bloomfield
646,Haifa,Beitar,2,1,7,Turner
647,Ashdod,Haifa,1,0,2,Teddy
648,Netanya,Ashdod,3,0,2,Bloomfield
649,Beitar,Netanya,1,1,5,Bloomfield
650,Beitar,Beitar,0,1,5,Bloomfield
651,Haifa,Beitar,2,1,5,Sammy Ofer
652,Hapoel,Maccabi Tel Aviv,2,0,4,Bloomfield
653,Hapoel,Haifa,1,3,6,Teddy
654,Netanya,Haifa,4,4,3,Teddy
655,Hapoel,Beitar,2,3,1,Bloomfield
656,Haifa,Netanya,0,4,7,Sammy Ofer
657,Haifa,Hapoel,0,0,6,Teddy
658,Maccabi Tel Aviv,Hapoel,4,0,5,Teddy
659,Beitar,Maccabi Tel Aviv,1,1,6,Bloomfield
660,Hapoel,Netanya,2,3,1,Turner
661,Netanya,Beitar,2,3,0,Sammy Ofer
662,Beitar,Hapoel,4,1,5,Bloomfield
663,Hapoel,Beitar,3,0,2,Teddy
664,Haifa,Ashdod,0,4,5,Bloomfield
665,Ashdod,Hapoel,3,1,1,Teddy
666,Ashdod,Beitar,3,2,3,Sammy Ofer
667,Ashdod,Haifa,4,0,1,Teddy
668,Haifa,Netanya,2,0,2,Teddy
669,Maccabi Tel Aviv,Netanya,4,4,0,Sammy Ofer
670,Haifa,Netanya,4,4,7,Sammy Ofer
671,Beitar,Ashdod,1,4,3,Sammy Ofer
672,Maccabi Tel Aviv,Beitar,2,4,5,Sammy Ofer
673,Netanya,Hapoel,1,0,6,Sammy Ofer
674,Maccabi Tel Aviv,Hapoel,1,4,2,Sammy Ofer
675,Hapoel,Ashdod,3,3,4,Bloomfield
676,Haifa,Hapoel,2,4,1,Teddy
677,Beitar,Beitar,0,1,5,Sammy Ofer
678,Maccabi Tel Aviv,Haifa,2,2,4,Bloomfield
679,Maccabi Tel Aviv,Beitar,2,4,6,Teddy
680,Haifa,Netanya,1,3,7,Turner
681,Maccabi Tel Aviv,Maccabi Tel Aviv,0,2,5,Teddy
682,Haifa,Ashdod,2,4,2,Teddy
683,Haifa,Haifa,1,0,0,Bloomfield
684,Haifa,Haifa,4,0,1,Turner
685,Hapoel,Beitar,1,1,1,Bloomfield
686,Ashdod,Beitar,2,3,4,Turner
687,Hapoel,Hapoel,2,0,6,Turner
688,Beitar,Beitar,2,2,3,Teddy
689,Netanya,Ashdod,2,1,0,Sammy Ofer
690,Hapoel,Beitar,1,3,6,Turner
691,Haifa,Netanya,4,4,2,Turner
692,Haifa,Hapoel,2,2,3,Teddy
693,Netanya,Ashdod,3,0,2,Teddy
694,Netanya,Hapoel,0,1,3,Turner
695,Hapoel,Maccabi Tel Aviv,1,1,4,Bloomfield
696,Maccabi Tel Aviv,Maccabi Tel Aviv,1,1,1,Bloomfield
697,Hapoel,Ashdod,0,1,0,Teddy
698,Haifa,Ashdod,0,2,6,Bloomfield
699,Hapoel,Maccabi Tel Aviv,3,0,4,Bloomfield
700,Beitar,Hapoel,2,2,7,Teddy
701,Ashdod,Maccabi Tel Aviv,0,2,1,Bloomfield
702,Netanya,Hapoel,0,2,2,Teddy
703,Netanya,Maccabi Tel Aviv,3,3,7,Bloomfield
704,Ashdod,Netanya,3,3,6,Bloomfield
705,Haifa,Ashdod,4,2,7,Teddy
706,Beitar,Hapoel,1,2,1,Teddy
707,Maccabi Tel Aviv,Maccabi Tel Aviv,1,2,7,Turner
708,Netanya,Netanya,1,3,2,Teddy
709,Netanya,Maccabi Tel Aviv,4,3,1,Turner
710,Beitar,Hapoel,4,0,1,Sammy Ofer
711,Ashdod,Maccabi Tel Aviv,2,0,3,Teddy
712,Hapoel,Hapoel,0,4,1,Teddy
713,Netanya,Ashdod,2,4,2,Sammy Ofer
714,Beitar,Netanya,1,2,2,Sammy Ofer
715,Ashdod,Ashdod,3,4,2,Sammy Ofer
716,Hapoel,Netanya,3,4,1,Teddy
717,Netanya,Haifa,4,2,0,Bloomfield
718,Hapoel,Maccabi Tel Aviv,2,4,6,Bloomfield
719,Ashdod,Beitar,4,2,6,Turner
720,Maccabi Tel Aviv,Haifa,3,2,6,Sammy Ofer
721,Beitar,Haifa,2,0,1,Sammy Ofer
722,Ashdod,Hapoel,4,1,2,Sammy Ofer
723,Netanya,Ashdod,2,4,1,Teddy
724,Beitar,Hapoel,1,1,3,Bloomfield
725,Hapoel,Beitar,2,0,4,Turner
726,Hapoel,Beitar,4,1,6,Turner
727,Hapoel,Maccabi Tel Aviv,0,3,0,Bloomfield
728,Maccabi Tel Aviv,Hapoel,4,3,7,Turner
729,Maccabi Tel Aviv,Beitar,4,2,4,Turner
730,Ashdod,Hapoel,1,0,7,Sammy Ofer
731,Hapoel,Beitar,0,2,4,Sammy Ofer
732,Maccabi Tel Aviv,Ashdod,4,1,6,Bloomfield
733,Ashdod,Netanya,0,1,4,Turner
734,Beitar,Beitar,4,4,2,Bloomfield
735,Haifa,Netanya,2,1,1,Teddy
736,Beitar,Maccabi Tel Aviv,1,3,0,Sammy Ofer
737,Ashdod,Haifa,0,3,6,Bloomfield
738,Ashdod,Ashdod,4,2,0,Teddy
739,Haifa,Beitar,0,0,6,Teddy
740,Hapoel,Haifa,0,0,6,Sammy Ofer
741,Beitar,Netanya,2,2,7,Bloomfield
742,Ashdod,Hapoel,0,2,3,Bloomfield
743,Ashdod,Beitar,2,1,4,Turner
744,Ashdod,Beitar,0,3,0,Sammy Ofer
745,Maccabi Tel Aviv,Ashdod,4,4,7,Teddy
746,Hapoel,Ashdod,2,0,0,Teddy
747,Hapoel,Haifa,4,4,4,Bloomfield
748,Haifa,Haifa,2,2,1,Bloomfield
749,Haifa,Maccabi Tel Aviv,4,1,3,Sammy Ofer
750,Ashdod,Hapoel,0,1,3,Turner
751,Haifa,Ashdod,3,2,7,Bloomfield
752,Beitar,Ashdod,0,4,6,Bloomfield
753,Beitar,Hapoel,3,0,3,Bloomfield
754,Netanya,Maccabi Tel Aviv,0,4,4,Bloomfield
755,Ashdod,Netanya,1,4,7,Turner
756,Hapoel,Maccabi Tel Aviv,2,4,3,Sammy Ofer
757,Netanya,Beitar,0,3,0,Sammy Ofer
758,Hapoel,Haifa,1,1,3,Sammy Ofer
759,Hapoel,Maccabi Tel Aviv,3,4,5,Teddy
760,Haifa,Ashdod,0,1,0,Bloomfield
761,Haifa,Netanya,2,2,3,Bloomfield
762,Beitar,Ashdod,3,3,0,Turner
763,Hapoel,Maccabi Tel Aviv,2,0,0,Bloomfield
764,Maccabi Tel Aviv,Beitar,2,1,7,Sammy Ofer
765,Maccabi Tel Aviv,Hapoel,3,2,1,Sammy Ofer
766,Netanya,Hapoel,1,1,0,Sammy Ofer
767,Ashdod,Beitar,1,4,1,Sammy Ofer
768,Netanya,Netanya,4,1,1,Sammy Ofer
769,Ashdod,Maccabi Tel Aviv,3,1,1,Bloomfield
770,Hapoel,Haifa,0,2,1,Teddy
771,Hapoel,Hapoel,1,2,5,Turner
772,Beitar,Netanya,0,2,6,Sammy Ofer
773,Maccabi Tel Aviv,Beitar,3,4,6,Teddy
774,Ashdod,Ashdod,2,3,3,Sammy Ofer
775,Haifa,Haifa,3,0,0,Turner
776,Hapoel,Haifa,1,3,3,Turner
777,Hapoel,Haifa,3,3,7,Turner
778,Beitar,Maccabi Tel Aviv,0,2,2,Bloomfield
779,Netanya,Maccabi Tel Aviv,0,4,1,Bloomfield
780,Netanya,Netanya,2,0,0,Sammy Ofer
781,Beitar,Beitar,0,0,4,Sammy Ofer
782,Netanya,Beitar,2,2,6,Teddy
783,Hapoel,Haifa,0,3,3,Sammy Ofer
784,Maccabi Tel Aviv,Haifa,0,4,7,Teddy
785,Haifa,Hapoel,1,1,1,Teddy
786,Beitar,Beitar,3,4,7,Sammy Ofer
787,Netanya,Ashdod,0,4,4,Bloomfield
788,Hapoel,Hapoel,0,4,1,Bloomfield
789,Hapoel,Haifa,1,4,3,Sammy Ofer
790,Netanya,Maccabi Tel Aviv,3,2,3,Bloomfield
791,Maccabi Tel Aviv,Beitar,0,2,0,Teddy
792,Netanya,Hapoel,1,4,1,Turner
793,Maccabi Tel Aviv,Haifa,4,1,6,Turner
794,Hapoel,Ashdod,2,1,5,Bloomfield
795,Haifa,Maccabi Tel Aviv,4,2,7,Teddy
796,Ashdod,Netanya,1,3,3,Sammy Ofer
797,Haifa,Maccabi Tel Aviv,3,0,4,Turner
798,Maccabi Tel Aviv,Ashdod,4,0,3,Teddy
799,Beitar,Ashdod,4,1,5,Teddy
800,Netanya,Beitar,4,0,3,Sammy Ofer
801,Netanya,Hapoel,1,1,6,Turner
802,Ashdod,Beitar,0,3,7,Sammy Ofer
803,Netanya,Hapoel,4,3,6,Turner
804,Netanya,Ashdod,4,3,1,Teddy
805,Haifa,Beitar,3,2,5,Bloomfield
806,Haifa,Haifa,0,1,7,Teddy
807,Hapoel,Hapoel,4,1,3,Sammy Ofer
808,Hapoel,Maccabi Tel Aviv,0,2,7,Teddy
809,Beitar,Beitar,3,3,7,Teddy
810,Hapoel,Haifa,1,4,5,Sammy Ofer
811,Netanya,Maccabi Tel Aviv,2,0,1,Teddy
812,Maccabi Tel Aviv,Beitar,1,1,0,Bloomfield
813,Ashdod,Netanya,2,1,7,Teddy
814,Beitar,Netanya,3,4,3,Bloomfield
815,Haifa,Beitar,0,2,7,Bloomfield
816,Hapoel,Ashdod,2,3,7,Teddy
817,Ashdod,Ashdod,2,0,1,Teddy
818,Beitar,Maccabi Tel Aviv,2,0,2,Sammy Ofer
819,Haifa,Haifa,0,1,5,Bloomfield
820,Haifa,Haifa,4,1,6,Teddy
821,Haifa,Beitar,1,2,3,Bloomfield
822,Ashdod,Hapoel,4,4,6,Turner
823,Hapoel,Ashdod,2,2,5,Teddy
824,Hapoel,Ashdod,0,2,0,Bloomfield
825,Ashdod,Hapoel,1,1,2,Turner
826,Hapoel,Hapoel,3,2,0,Turner
827,Beitar,Hapoel,2,4,1,Turner
828,Maccabi Tel Aviv,Netanya,1,2,7,Turner
829,Maccabi Tel Aviv,Haifa,1,1,3,Sammy Ofer
830,Ashdod,Beitar,0,4,4,Teddy
831,Maccabi Tel Aviv,Maccabi Tel Aviv,2,4,2,Teddy
832,Maccabi Tel Aviv,Ashdod,3,4,5,Sammy Ofer
833,Hapoel,Maccabi Tel Aviv,4,1,7,Turner
834,Netanya,Beitar,2,4,2,Bloomfield
835,Beitar,Hapoel,0,0,2,Turner
836,Hapoel,Haifa,1,4,2,Bloomfield
837,Netanya,Ashdod,0,4,4,Turner
838,Maccabi Tel Aviv,Hapoel,3,0,2,Turner
839,Ashdod,Hapoel,1,1,4,Sammy Ofer
840,Hapoel,Haifa,2,0,0,Turner
841,Maccabi Tel Aviv,Haifa,3,1,1,Sammy Ofer
842,Beitar,Hapoel,4,1,3,Turner
843,Netanya,Beitar,1,3,5,Turner
844,Ashdod,Haifa,4,3,7,Turner
845,Beitar,Ashdod,1,2,6,Turner
846,Haifa,Ashdod,2,4,7,Turner
847,Hapoel,Beitar,4,1,1,Bloomfield
848,Netanya,Haifa,0,4,7,Sammy Ofer
849,Netanya,Beitar,2,0,7,Bloomfield
850,Ashdod,Hapoel,1,1,4,Bloomfield
851,Ashdod,Hapoel,4,0,4,Teddy
852,Beitar,Netanya,0,1,2,Teddy
853,Netanya,Maccabi Tel Aviv,2,0,7,Bloomfield
854,Hapoel,Hapoel,2,3,0,Bloomfield
855,Maccabi Tel Aviv,Netanya,2,0,2,Turner
856,Netanya,Beitar,1,2,7,Turner
857,Hapoel,Netanya,4,4,7,Sammy Ofer
858,Beitar,Beitar,1,3,7,Sammy Ofer
859,Maccabi Tel Aviv,Netanya,2,3,7,Sammy Ofer
860,Netanya,Beitar,1,1,7,Bloomfield
861,Beitar,Maccabi Tel Aviv,4,3,2,Teddy
862,Ashdod,Haifa,4,2,7,Teddy
863,Netanya,Ashdod,3,1,5,Sammy Ofer
864,Ashdod,Hapoel,1,3,4,Bloomfield
865,Ashdod,Maccabi Tel Aviv,4,0,6,Teddy
866,Maccabi Tel Aviv,Haifa,2,0,5,Teddy
867,Haifa,Maccabi Tel Aviv,3,2,5,Sammy Ofer
868,Beitar,Ashdod,1,0,5,Bloomfield
869,Hapoel,Netanya,3,4,3,Sammy Ofer
870,Maccabi Tel Aviv,Netanya,0,2,4,Turner
871,Haifa,Haifa,3,2,7,Turner
872,Hapoel,Hapoel,3,2,5,Turner
873,Maccabi Tel Aviv,Maccabi Tel Aviv,1,2,1,Bloomfield
874,Haifa,Haifa,4,3,0,Bloomfield
875,Netanya,Beitar,3,3,2,Turner
876,Ashdod,Ashdod,2,4,7,Turner
877,Netanya,Maccabi Tel Aviv,2,1,4,Bloomfield
878,Ashdod,Haifa,3,3,1,Turner
879,Haifa,Maccabi Tel Aviv,1,1,3,Sammy Ofer
880,Netanya,Ashdod,2,4,5,Teddy
881,Hapoel,Netanya,0,2,1,Turner
882,Hapoel,Netanya,0,3,2,Teddy
883,Maccabi Tel Aviv,Hapoel,4,1,0,Turner
884,Hapoel,Ashdod,0,4,4,Teddy
885,Haifa,Ashdod,3,0,7,Teddy
886,Haifa,Beitar,4,0,5,Bloomfield
887,Hapoel,Netanya,2,1,4,Turner
888,Hapoel,Maccabi Tel Aviv,3,4,1,Sammy Ofer
889,Hapoel,Netanya,1,1,7,Teddy
890,Haifa,Maccabi Tel Aviv,4,2,0,Sammy Ofer
891,Netanya,Netanya,4,3,0,Sammy Ofer
892,Maccabi Tel Aviv,Ashdod,2,2,3,Sammy Ofer
893,Ashdod,Hapoel,3,3,2,Bloomfield
894,Hapoel,Maccabi Tel Aviv,1,1,4,Sammy Ofer
895,Beitar,Ashdod,1,4,0,Teddy
896,Netanya,Beitar,4,1,1,Bloomfield
897,Netanya,Beitar,4,0,0,Bloomfield
898,Ashdod,Ashdod,3,4,1,Teddy
899,Beitar,Netanya,4,0,3,Sammy Ofer
900,Beitar,Beitar,4,1,3,Bloomfield
901,Hapoel,Hapoel,3,4,2,Sammy Ofer
902,Maccabi Tel Aviv,Ashdod,0,0,2,Sammy Ofer
903,Hapoel,Beitar,2,4,5,Sammy Ofer
904,Hapoel,Ashdod,1,1,0,Teddy
905,Beitar,Haifa,0,3,6,Bloomfield
906,Netanya,Hapoel,2,0,3,Turner
907,Netanya,Beitar,0,4,1,Turner
908,Ashdod,Maccabi Tel Aviv,3,3,7,Bloomfield
909,Beitar,Maccabi Tel Aviv,3,0,7,Sammy Ofer
910,Hapoel,Beitar,0,4,5,Teddy
911,Beitar,Hapoel,2,3,4,Teddy
912,Haifa,Haifa,1,4,6,Bloomfield
913,Haifa,Netanya,4,0,3,Teddy
914,Netanya,Hapoel,4,3,3,Turner
915,Maccabi Tel Aviv,Ashdod,1,0,2,Sammy Ofer
916,Hapoel,Maccabi Tel Aviv,2,4,7,Bloomfield
917,Ashdod,Ashdod,4,1,5,Teddy
918,Hapoel,Maccabi Tel Aviv,3,4,7,Sammy Ofer
919,Ashdod,Haifa,2,1,0,Bloomfield
920,Maccabi Tel Aviv,Beitar,0,0,1,Teddy
921,Maccabi Tel Aviv,Hapoel,2,4,7,Bloomfield
922,Beitar,Ashdod,0,3,2,Bloomfield
923,Beitar,Hapoel,2,1,6,Bloomfield
924,Hapoel,Maccabi Tel Aviv,1,4,4,Sammy Ofer
925,Beitar,Netanya,3,4,1,Turner
926,Beitar,Haifa,2,1,3,Bloomfield
927,Hapoel,Beitar,4,0,1,Bloomfield
928,Beitar,Beitar,4,1,3,Turner
929,Ashdod,Netanya,1,0,6,Teddy
930,Haifa,Ashdod,4,1,6,Bloomfield
931,Hapoel,Hapoel,2,2,2,Sammy Ofer
932,Netanya,Netanya,3,1,0,Sammy Ofer
933,Hapoel,Hapoel,0,4,0,Sammy Ofer
934,Netanya,Hapoel,1,2,7,Turner
935,Ashdod,Maccabi Tel Aviv,3,2,0,Bloomfield
936,Haifa,Maccabi Tel Aviv,3,4,4,Bloomfield
937,Hapoel,Netanya,3,0,1,Sammy Ofer
938,Hapoel,Maccabi Tel Aviv,3,2,6,Turner
939,Maccabi Tel Aviv,Beitar,1,4,3,Teddy
940,Netanya,Beitar,3,4,6,Sammy Ofer
941,Hapoel,Beitar,0,3,6,Teddy
942,Hapoel,Ashdod,1,4,3,Sammy Ofer
943,Hapoel,Maccabi Tel Aviv,2,0,3,Teddy
944,Hapoel,Haifa,0,4,7,Teddy
945,Maccabi Tel Aviv,Ashdod,1,1,5,Teddy
946,Maccabi Tel Aviv,Maccabi Tel Aviv,2,3,1,Sammy Ofer
947,Maccabi Tel Aviv,Netanya,4,3,0,Sammy Ofer
948,Beitar,Hapoel,2,1,7,Teddy
949,Hapoel,Maccabi Tel Aviv,0,1,7,Teddy
950,Hapoel,Ashdod,2,3,0,Turner
951,Maccabi Tel Aviv,Maccabi Tel Aviv,1,0,7,Sammy Ofer
952,Hapoel,Hapoel,2,1,0,Teddy
953,Haifa,Hapoel,2,1,3,Bloomfield
954,Beitar,Ashdod,2,1,2,Sammy Ofer
955,Netanya,Beitar,4,0,7,Teddy
956,Maccabi Tel Aviv,Hapoel,4,1,0,Sammy Ofer
957,Maccabi Tel Aviv,Beitar,0,4,2,Bloomfield
958,Hapoel,Beitar,4,1,6,Teddy
959,Ashdod,Maccabi Tel Aviv,4,2,6,Teddy
960,Maccabi Tel Aviv,Netanya,1,4,7,Bloomfield
961,Ashdod,Netanya,4,0,7,Turner
962,Netanya,Hapoel,3,1,2,Teddy
963,Netanya,Ashdod,0,3,2,Sammy Ofer
964,Haifa,Maccabi Tel Aviv,4,1,6,Turner
965,Netanya,Haifa,1,4,6,Bloomfield
966,Hapoel,Haifa,4,2,2,Turner
967,Hapoel,Haifa,0,1,0,Sammy Ofer
968,Ashdod,Haifa,1,2,1,Teddy
969,Netanya,Ashdod,3,1,1,Bloomfield
970,Beitar,Maccabi Tel Aviv,0,4,6,Sammy Ofer
971,Maccabi Tel Aviv,Hapoel,1,3,7,Sammy Ofer
972,Beitar,Haifa,0,1,4,Teddy
973,Haifa,Ashdod,1,1,6,Bloomfield
974,Hapoel,Netanya,4,0,7,Turner
975,Hapoel,Ashdod,1,4,6,Turner
976,Ashdod,Hapoel,4,2,5,Sammy Ofer
977,Ashdod,Netanya,0,2,6,Turner
978,Haifa,Haifa,0,4,0,Turner
979,Beitar,Haifa,3,2,3,Sammy Ofer
980,Beitar,Netanya,4,2,0,Bloomfield
981,Netanya,Haifa,1,1,1,Bloomfield
982,Netanya,Hapoel,2,0,3,Teddy
983,Beitar,Maccabi Tel Aviv,1,1,6,Teddy
984,Hapoel,Beitar,0,1,3,Sammy Ofer
985,Ashdod,Haifa,0,2,0,Teddy
986,Beitar,Maccabi Tel Aviv,0,2,2,Turner
987,Netanya,Maccabi Tel Aviv,3,4,6,Sammy Ofer
988,Beitar,Netanya,0,0,4,Turner
989,Ashdod,Maccabi Tel Aviv,4,3,3,Sammy Ofer
990,Ashdod,Hapoel,0,4,5,Teddy
991,Netanya,Netanya,4,3,0,Teddy
992,Ashdod,Haifa,4,1,2,Turner
993,Ashdod,Beitar,0,0,5,Sammy Ofer
994,Maccabi Tel Aviv,Haifa,0,1,2,Teddy
995,Haifa,Maccabi Tel Aviv,2,4,6,Bloomfield
996,Netanya,Ashdod,1,2,5,Turner
997,Maccabi Tel Aviv,Beitar,1,4,7,Sammy Ofer
998,Beitar,Maccabi Tel Aviv,0,1,0,Bloomfield
999,Netanya,Hapoel,2,4,7,Sammy Ofer
1000,Ashdod,Beitar,1,3,2,Teddy
